/bot30,250318104429,1
/bot30,250318104429,1
/bot30,250318104429,1
/bot30,250318104429,1
/bot30,250318104429,1
/bot30,250318104429,1
/bot30,250318104429,1
/bot30,250318104429,1
/bot30,250318104430,1
/bot30,250318104430,1
/bot30,250318104430,1
/bot30,250318104430,1
/bot30,250318104430,1
/bot30,250318104430,1
/bot30,250318104430,1
/bot30,250318104430,1
/bot30,250318104430,1
/bot30,250318104430,1
/bot30,250318104431,1
/bot30,250318104431,1
/bot30,250318104431,1
/bot30,250318104431,1
/bot30,250318104431,1
/bot30,250318104431,1
/bot30,250318104431,1
/bot30,250318104431,1
/bot30,250318104431,1
/bot30,250318104431,1
/bot30,250318104432,1
/bot30,250318104432,1
/bot30,250318104432,1
/bot30,250318104432,1
/bot30,250318104432,1
/bot30,250318104432,1
/bot30,250318104432,1
/bot30,250318104432,1
/bot30,250318104432,1
/bot30,250318104432,1
/bot30,250318104433,1
/bot30,250318104433,1
/bot30,250318104433,1
/bot30,250318104433,1
/bot30,250318104433,1
/bot30,250318104433,1
/bot30,250318104433,1
/bot30,250318104433,1
/bot30,250318104433,1
/bot30,250318104433,1
/bot30,250318104434,1
/bot30,250318104434,1
/bot30,250318104434,1
/bot30,250318104434,1
/bot30,250318104434,1
/bot30,250318104434,1
/bot30,250318104434,1
/bot30,250318104434,1
/bot30,250318104434,1
/bot30,250318104434,1
/bot30,250318104435,1
/bot30,250318104435,1
/bot30,250318104435,1
/bot30,250318104435,1
/bot30,250318104435,1
/bot30,250318104435,1
/bot30,250318104435,1
/bot30,250318104435,2
/bot30,250318104435,2
/bot30,250318104435,2
/bot30,250318104436,2
/bot30,250318104436,2
/bot30,250318104436,2
/bot30,250318104436,2
/bot30,250318104436,2
/bot30,250318104436,2
/bot30,250318104436,2
/bot30,250318104436,2
/bot30,250318104436,2
/bot30,250318104436,2
/bot30,250318104437,2
/bot30,250318104437,2
/bot30,250318104437,2
/bot30,250318104437,2
/bot30,250318104437,2
/bot30,250318104437,1
/bot30,250318104437,1
/bot30,250318104437,1
/bot30,250318104437,1
/bot30,250318104437,1
/bot30,250318104438,1
/bot30,250318104438,1
/bot30,250318104438,1
/bot30,250318104438,1
/bot30,250318104438,1
/bot30,250318104438,1
/bot30,250318104438,1
/bot30,250318104438,1
/bot30,250318104438,1
/bot30,250318104438,1
/bot30,250318104439,1
/bot30,250318104439,1
/bot30,250318104439,1
/bot30,250318104439,1
/bot30,250318104439,1
/bot30,250318104439,1
/bot30,250318104439,1
/bot30,250318104439,1
/bot30,250318104439,1
/bot30,250318104439,1
/bot30,250318104440,1
/bot30,250318104440,1
/bot30,250318104440,1
/bot30,250318104440,1
/bot30,250318104440,1
/bot30,250318104440,1
/bot30,250318104440,1
/bot30,250318104440,1
/bot30,250318104440,1
/bot30,250318104440,1
/bot30,250318104441,1
/bot30,250318104441,1
/bot30,250318104441,1
/bot30,250318104441,1
/bot30,250318104441,1
/bot30,250318104441,1
/bot30,250318104441,1
/bot30,250318104441,1
/bot30,250318104441,1
/bot30,250318104441,1
/bot30,250318104442,2
/bot30,250318104442,2
/bot30,250318104442,2
/bot30,250318104442,2
/bot30,250318104442,2
/bot30,250318104442,2
/bot30,250318104442,2
/bot30,250318104442,2
/bot30,250318104442,2
/bot30,250318104442,2
/bot30,250318104443,2
/bot30,250318104443,2
/bot30,250318104443,2
/bot30,250318104443,3
/bot30,250318104443,3
/bot30,250318104443,3
/bot30,250318104443,3
/bot30,250318104443,3
/bot30,250318104443,3
/bot30,250318104443,3
/bot30,250318104444,3
/bot30,250318104444,3
/bot30,250318104444,3
/bot30,250318104444,3
/bot30,250318104444,3
/bot30,250318104444,3
/bot30,250318104444,3
/bot30,250318104444,3
/bot30,250318104444,3
/bot30,250318104444,4
/bot30,250318104445,4
/bot30,250318104445,4
/bot30,250318104445,4
/bot30,250318104445,4
/bot30,250318104445,4
/bot30,250318104445,4
/bot30,250318104445,4
/bot30,250318104445,4
/bot30,250318104445,4
/bot30,250318104445,4
/bot30,250318104446,4
/bot30,250318104446,4
/bot30,250318104446,4
/bot30,250318104446,4
/bot30,250318104446,4
/bot30,250318104446,4
/bot30,250318104446,4
/bot30,250318104446,5
/bot30,250318104446,5
/bot30,250318104446,5
/bot30,250318104447,5
/bot30,250318104447,5
/bot30,250318104447,5
/bot30,250318104447,5
/bot30,250318104447,5
/bot30,250318104447,5
/bot30,250318104447,5
/bot30,250318104447,5
/bot30,250318104447,5
/bot30,250318104447,5
/bot30,250318104448,5
/bot30,250318104448,5
/bot30,250318104448,5
/bot30,250318104448,5
/bot30,250318104448,5
/bot30,250318104448,6
/bot30,250318104448,6
/bot30,250318104448,6
/bot30,250318104448,6
/bot30,250318104448,6
/bot30,250318104449,6
/bot30,250318104449,6
/bot30,250318104449,6
/bot30,250318104449,6
/bot30,250318104449,6
/bot30,250318104449,6
/bot30,250318104449,6
/bot30,250318104449,6
/bot30,250318104449,6
/bot30,250318104449,6
/bot30,250318104450,6
/bot30,250318104450,6
/bot30,250318104450,6
/bot30,250318104450,6
/bot30,250318104450,7
/bot30,250318104450,7
/bot30,250318104450,7
/bot30,250318104450,7
/bot30,250318104450,7
/bot30,250318104450,7
/bot30,250318104451,7
/bot30,250318104451,7
/bot30,250318104451,7
/bot30,250318104451,7
/bot30,250318104451,7
/bot30,250318104451,7
/bot30,250318104451,7
/bot30,250318104451,7
/bot30,250318104451,7
/bot30,250318104451,7
/bot30,250318104452,7
/bot30,250318104452,7
/bot30,250318104452,7
/bot30,250318104452,7
/bot30,250318104452,8
/bot30,250318104452,8
/bot30,250318104452,8
/bot30,250318104452,8
/bot30,250318104452,8
/bot30,250318104452,8
/bot30,250318104453,8
/bot30,250318104453,8
/bot30,250318104453,8
/bot30,250318104453,8
/bot30,250318104453,8
/bot30,250318104453,8
/bot30,250318104453,8
/bot30,250318104453,8
/bot30,250318104453,8
/bot30,250318104453,8
/bot30,250318104454,8
/bot30,250318104454,8
/bot30,250318104454,8
/bot30,250318104454,8
/bot30,250318104454,9
/bot30,250318104454,9
/bot30,250318104454,9
/bot30,250318104454,9
/bot30,250318104454,9
/bot30,250318104454,9
/bot30,250318104455,9
/bot30,250318104455,9
/bot30,250318104455,9
/bot30,250318104455,9
/bot30,250318104455,9
/bot30,250318104455,9
/bot30,250318104455,9
/bot30,250318104455,9
/bot30,250318104455,9
/bot30,250318104455,9
/bot30,250318104456,9
/bot30,250318104456,9
/bot30,250318104456,9
/bot30,250318104456,9
/bot30,250318104456,9
/bot30,250318104456,9
/bot30,250318104456,9
/bot30,250318104456,9
/bot30,250318104456,9
/bot30,250318104456,9
/bot30,250318104457,9
/bot30,250318104457,9
/bot30,250318104457,10
/bot30,250318104457,10
/bot30,250318104457,10
/bot30,250318104457,10
/bot30,250318104457,10
/bot30,250318104457,10
/bot30,250318104457,10
/bot30,250318104457,10
/bot30,250318104458,10
/bot30,250318104458,10
/bot30,250318104458,10
/bot30,250318104458,10
/bot30,250318104458,10
/bot30,250318104458,10
/bot30,250318104458,11
/bot30,250318104458,11
/bot30,250318104458,11
/bot30,250318104458,11
/bot30,250318104459,11
/bot30,250318104459,11
/bot30,250318104459,11
/bot30,250318104459,11
/bot30,250318104459,11
/bot30,250318104459,11
/bot30,250318104459,11
/bot30,250318104459,11
/bot30,250318104459,11
/bot30,250318104459,11
/bot30,250318104500,11
/bot30,250318104500,11
/bot30,250318104500,11
/bot30,250318104500,12
/bot30,250318104500,12
/bot30,250318104500,12
/bot30,250318104500,12
/bot30,250318104500,12
/bot30,250318104500,12
/bot30,250318104500,12
/bot30,250318104501,12
/bot30,250318104501,12
/bot30,250318104501,12
/bot30,250318104501,12
/bot30,250318104501,12
/bot30,250318104501,12
/bot30,250318104501,12
/bot30,250318104501,12
/bot30,250318104501,12
/bot30,250318104501,12
/bot30,250318104502,12
/bot30,250318104502,12
/bot30,250318104502,12
/bot30,250318104502,12
/bot30,250318104502,12
/bot30,250318104502,12
/bot30,250318104502,12
/bot30,250318104502,12
/bot30,250318104502,12
/bot30,250318104502,12
/bot30,250318104503,12
/bot30,250318104503,12
/bot30,250318104503,12
/bot30,250318104503,12
/bot30,250318104503,12
/bot30,250318104503,12
/bot30,250318104503,12
/bot30,250318104503,12
/bot30,250318104503,12
/bot30,250318104503,12
/bot30,250318104504,12
/bot30,250318104504,12
/bot30,250318104504,12
/bot30,250318104504,12
/bot30,250318104504,12
/bot30,250318104504,12
/bot30,250318104504,12
/bot30,250318104504,12
/bot30,250318104504,12
/bot30,250318104504,12
/bot30,250318104505,12
/bot30,250318104505,12
/bot30,250318104505,12
/bot30,250318104505,12
/bot30,250318104505,12
/bot30,250318104505,12
/bot30,250318104505,12
/bot30,250318104505,12
/bot30,250318104505,12
/bot30,250318104505,12
/bot30,250318104506,12
/bot30,250318104506,12
/bot30,250318104506,12
/bot30,250318104506,12
/bot30,250318104506,12
/bot30,250318104506,12
/bot30,250318104506,12
/bot30,250318104506,12
/bot30,250318104506,12
/bot30,250318104506,12
/bot30,250318104507,12
/bot30,250318104507,12
/bot30,250318104507,12
/bot30,250318104507,12
/bot30,250318104507,12
/bot30,250318104507,12
/bot30,250318104507,12
/bot30,250318104507,12
/bot30,250318104507,12
/bot30,250318104507,12
/bot30,250318104508,12
/bot30,250318104508,12
/bot30,250318104508,12
/bot30,250318104508,12
/bot30,250318104508,12
/bot30,250318104508,12
/bot30,250318104508,12
/bot30,250318104508,12
/bot30,250318104508,12
/bot30,250318104508,12
/bot30,250318104509,12
/bot30,250318104509,12
/bot30,250318104509,12
/bot30,250318104509,12
/bot30,250318104509,12
/bot30,250318104509,12
/bot30,250318104509,12
/bot30,250318104509,12
/bot30,250318104509,12
/bot30,250318104509,12
/bot30,250318104510,12
/bot30,250318104510,12
/bot30,250318104510,12
/bot30,250318104510,12
/bot30,250318104510,12
/bot30,250318104510,12
/bot30,250318104510,12
/bot30,250318104510,12
/bot30,250318104510,12
/bot30,250318104510,12
/bot30,250318104511,12
/bot30,250318104511,12
/bot30,250318104511,12
/bot30,250318104511,12
/bot30,250318104511,12
/bot30,250318104511,12
/bot30,250318104511,12
/bot30,250318104511,12
/bot30,250318104511,12
/bot30,250318104511,12
/bot30,250318104512,12
/bot30,250318104512,12
/bot30,250318104512,12
/bot30,250318104512,12
/bot30,250318104512,12
/bot30,250318104512,12
/bot30,250318104512,12
/bot30,250318104512,12
/bot30,250318104512,12
/bot30,250318104512,12
/bot30,250318104513,12
/bot30,250318104513,12
/bot30,250318104513,12
/bot30,250318104513,12
/bot30,250318104513,12
/bot30,250318104513,12
/bot30,250318104513,12
/bot30,250318104513,12
/bot30,250318104513,12
/bot30,250318104513,12
/bot30,250318104514,12
/bot30,250318104514,12
/bot30,250318104514,12
/bot30,250318104514,12
/bot30,250318104514,12
/bot30,250318104514,12
/bot30,250318104514,12
/bot30,250318104514,12
/bot30,250318104514,12
/bot30,250318104514,12
/bot30,250318104515,12
/bot30,250318104515,12
/bot30,250318104515,12
/bot30,250318104515,12
/bot30,250318104515,12
/bot30,250318104515,12
/bot30,250318104515,12
/bot30,250318104515,12
/bot30,250318104515,12
/bot30,250318104515,12
/bot30,250318104516,12
/bot30,250318104516,12
/bot30,250318104516,12
/bot30,250318104516,12
/bot30,250318104516,12
/bot30,250318104516,12
/bot30,250318104516,12
/bot30,250318104516,12
/bot30,250318104516,12
/bot30,250318104516,12
/bot30,250318104517,12
/bot30,250318104517,12
/bot30,250318104517,12
/bot30,250318104517,12
/bot30,250318104517,12
/bot30,250318104517,12
/bot30,250318104517,12
/bot30,250318104517,12
/bot30,250318104517,12
/bot30,250318104517,12
/bot30,250318104518,12
/bot30,250318104518,12
/bot30,250318104518,12
/bot30,250318104518,12
/bot30,250318104518,12
/bot30,250318104518,12
/bot30,250318104518,12
/bot30,250318104518,12
/bot30,250318104518,12
/bot30,250318104518,12
/bot30,250318104519,12
/bot30,250318104519,12
/bot30,250318104519,12
/bot30,250318104519,12
/bot30,250318104519,12
/bot30,250318104519,12
/bot30,250318104519,12
/bot30,250318104519,12
/bot30,250318104519,12
/bot30,250318104519,12
/bot30,250318104520,12
/bot30,250318104520,12
/bot30,250318104520,12
/bot30,250318104520,12
/bot30,250318104520,12
/bot30,250318104520,12
/bot30,250318104520,12
/bot30,250318104520,12
/bot30,250318104520,12
/bot30,250318104520,12
/bot30,250318104521,12
/bot30,250318104521,12
/bot30,250318104521,12
/bot30,250318104521,12
/bot30,250318104521,12
/bot30,250318104521,12
/bot30,250318104521,12
/bot30,250318104521,12
/bot30,250318104521,12
/bot30,250318104521,12
/bot30,250318104522,12
/bot30,250318104522,12
/bot30,250318104522,12
/bot30,250318104522,12
/bot30,250318104522,12
/bot30,250318104522,12
/bot30,250318104522,12
/bot30,250318104522,12
/bot30,250318104522,12
/bot30,250318104522,12
/bot30,250318104523,12
/bot30,250318104523,12
/bot30,250318104523,12
/bot30,250318104523,12
/bot30,250318104523,12
/bot30,250318104523,12
/bot30,250318104523,12
/bot30,250318104523,12
/bot30,250318104523,12
/bot30,250318104523,12
/bot30,250318104524,12
/bot30,250318104524,12
/bot30,250318104524,12
/bot30,250318104524,12
/bot30,250318104524,12
/bot30,250318104524,12
/bot30,250318104524,12
/bot30,250318104524,12
/bot30,250318104524,12
/bot30,250318104524,12
/bot30,250318104525,12
/bot30,250318104525,12
/bot30,250318104525,12
/bot30,250318104525,12
/bot30,250318104525,12
/bot30,250318104525,12
/bot30,250318104525,12
/bot30,250318104525,12
/bot30,250318104525,12
/bot30,250318104525,12
/bot30,250318104526,12
/bot30,250318104526,12
/bot30,250318104526,12
/bot30,250318104526,12
/bot30,250318104526,12
/bot30,250318104526,12
/bot30,250318104526,12
/bot30,250318104526,12
/bot30,250318104526,12
/bot30,250318104526,12
/bot30,250318104527,12
/bot30,250318104527,12
/bot30,250318104527,12
/bot30,250318104527,12
/bot30,250318104527,12
/bot30,250318104527,12
/bot30,250318104527,12
/bot30,250318104527,12
/bot30,250318104527,12
/bot30,250318104527,12
/bot30,250318104528,12
/bot30,250318104528,12
/bot30,250318104528,12
/bot30,250318104528,12
/bot30,250318104528,12
/bot30,250318104528,12
/bot30,250318104528,12
/bot30,250318104528,12
/bot30,250318104528,12
/bot30,250318104528,12
/bot30,250318104529,12
/bot30,250318104529,12
/bot30,250318104529,12
/bot30,250318104529,12
/bot30,250318104529,12
/bot30,250318104529,12
/bot30,250318104529,12
/bot30,250318104529,12
/bot30,250318104529,12
/bot30,250318104529,12
/bot30,250318104530,12
/bot30,250318104530,12
/bot30,250318104530,12
/bot30,250318104530,12
/bot30,250318104530,12
/bot30,250318104530,12
/bot30,250318104530,12
/bot30,250318104530,12
/bot30,250318104530,12
/bot30,250318104530,12
/bot30,250318104531,12
/bot30,250318104531,12
/bot30,250318104531,12
/bot30,250318104531,12
/bot30,250318104531,12
/bot30,250318104531,12
/bot30,250318104531,12
/bot30,250318104531,12
/bot30,250318104531,12
/bot30,250318104531,12
/bot30,250318104532,12
/bot30,250318104532,12
/bot30,250318104532,12
/bot30,250318104532,12
/bot30,250318104532,12
/bot30,250318104532,12
/bot30,250318104532,12
/bot30,250318104532,12
/bot30,250318104532,12
/bot30,250318104532,12
/bot30,250318104533,12
/bot30,250318104533,12
/bot30,250318104533,12
/bot30,250318104533,12
/bot30,250318104533,12
/bot30,250318104533,12
/bot30,250318104533,12
/bot30,250318104533,12
/bot30,250318104533,12
/bot30,250318104533,12
/bot30,250318104534,12
/bot30,250318104534,12
/bot30,250318104534,12
/bot30,250318104534,12
/bot30,250318104534,12
/bot30,250318104534,12
/bot30,250318104534,12
/bot30,250318104534,12
/bot30,250318104534,13
/bot30,250318104534,13
/bot30,250318104535,13
/bot30,250318104535,13
/bot30,250318104535,13
/bot30,250318104535,13
/bot30,250318104535,13
/bot30,250318104535,13
/bot30,250318104535,13
/bot30,250318104535,13
/bot30,250318104535,13
/bot30,250318104535,13
/bot30,250318104536,13
/bot30,250318104536,13
/bot30,250318104536,13
/bot30,250318104536,13
/bot30,250318104536,13
/bot30,250318104536,13
/bot30,250318104536,13
/bot30,250318104536,13
/bot30,250318104536,13
/bot30,250318104536,13
/bot30,250318104537,13
/bot30,250318104537,13
/bot30,250318104537,13
/bot30,250318104537,13
/bot30,250318104537,13
/bot30,250318104537,13
/bot30,250318104537,13
/bot30,250318104537,13
/bot30,250318104537,13
/bot30,250318104537,13
/bot30,250318104538,13
/bot30,250318104538,13
/bot30,250318104538,13
/bot30,250318104538,13
/bot30,250318104538,13
/bot30,250318104538,13
/bot30,250318104538,13
/bot30,250318104538,13
/bot30,250318104538,13
/bot30,250318104538,13
/bot30,250318104539,13
/bot30,250318104539,13
/bot30,250318104539,13
/bot30,250318104539,13
/bot30,250318104539,13
/bot30,250318104539,13
/bot30,250318104539,13
/bot30,250318104539,13
/bot30,250318104539,13
/bot30,250318104539,13
/bot30,250318104540,13
/bot30,250318104540,13
/bot30,250318104540,13
/bot30,250318104540,13
/bot30,250318104540,13
/bot30,250318104540,13
/bot30,250318104540,13
/bot30,250318104540,13
/bot30,250318104540,13
/bot30,250318104540,13
/bot30,250318104541,13
/bot30,250318104541,13
/bot30,250318104541,13
/bot30,250318104541,13
/bot30,250318104541,13
/bot30,250318104541,13
/bot30,250318104541,13
/bot30,250318104541,13
/bot30,250318104541,13
/bot30,250318104541,13
/bot30,250318104542,13
/bot30,250318104542,13
/bot30,250318104542,13
/bot30,250318104542,13
/bot30,250318104542,13
/bot30,250318104542,13
/bot30,250318104542,13
/bot30,250318104542,13
/bot30,250318104542,13
/bot30,250318104542,13
/bot30,250318104543,13
/bot30,250318104543,13
/bot30,250318104543,13
/bot30,250318104543,13
/bot30,250318104543,13
/bot30,250318104543,13
/bot30,250318104543,13
/bot30,250318104543,13
/bot30,250318104543,13
/bot30,250318104543,13
/bot30,250318104544,13
/bot30,250318104544,13
/bot30,250318104544,13
/bot30,250318104544,13
/bot30,250318104544,13
/bot30,250318104544,13
/bot30,250318104544,13
/bot30,250318104544,13
/bot30,250318104544,13
/bot30,250318104544,13
/bot30,250318104545,13
/bot30,250318104545,13
/bot30,250318104545,13
/bot30,250318104545,13
/bot30,250318104545,13
/bot30,250318104545,13
/bot30,250318104545,13
/bot30,250318104545,13
/bot30,250318104545,13
/bot30,250318104545,13
/bot30,250318104546,13
/bot30,250318104546,13
/bot30,250318104546,13
/bot30,250318104546,13
/bot30,250318104546,13
/bot30,250318104546,13
/bot30,250318104546,13
/bot30,250318104546,13
/bot30,250318104546,13
/bot30,250318104546,13
/bot30,250318104547,13
/bot30,250318104547,13
/bot30,250318104547,13
/bot30,250318104547,13
/bot30,250318104547,13
/bot30,250318104547,13
/bot30,250318104547,13
/bot30,250318104547,13
/bot30,250318104547,13
/bot30,250318104547,13
/bot30,250318104548,13
/bot30,250318104548,13
/bot30,250318104548,13
/bot30,250318104548,13
/bot30,250318104548,13
/bot30,250318104548,13
/bot30,250318104548,13
/bot30,250318104548,13
/bot30,250318104548,13
/bot30,250318104548,13
/bot30,250318104549,13
/bot30,250318104549,13
/bot30,250318104549,13
/bot30,250318104549,13
/bot30,250318104549,13
/bot30,250318104549,13
/bot30,250318104549,13
/bot30,250318104549,13
/bot30,250318104549,13
/bot30,250318104549,13
/bot30,250318104550,13
/bot30,250318104550,13
/bot30,250318104550,13
/bot30,250318104550,13
/bot30,250318104550,13
/bot30,250318104550,13
/bot30,250318104550,13
/bot30,250318104550,13
/bot30,250318104550,13
/bot30,250318104550,13
/bot30,250318104551,13
/bot30,250318104551,13
/bot30,250318104551,13
/bot30,250318104551,13
/bot30,250318104551,13
/bot30,250318104551,13
/bot30,250318104551,13
/bot30,250318104551,13
/bot30,250318104551,13
/bot30,250318104551,13
/bot30,250318104552,13
/bot30,250318104552,13
/bot30,250318104552,13
/bot30,250318104552,13
/bot30,250318104552,13
/bot30,250318104552,13
/bot30,250318104552,13
/bot30,250318104552,13
/bot30,250318104552,13
/bot30,250318104552,13
/bot30,250318104553,13
/bot30,250318104553,13
/bot30,250318104553,13
/bot30,250318104553,13
/bot30,250318104553,13
/bot30,250318104553,13
/bot30,250318104553,13
/bot30,250318104553,13
/bot30,250318104553,13
/bot30,250318104553,13
/bot30,250318104554,13
/bot30,250318104554,13
/bot30,250318104554,13
/bot30,250318104554,13
/bot30,250318104554,13
/bot30,250318104554,13
/bot30,250318104554,13
/bot30,250318104554,13
/bot30,250318104554,13
/bot30,250318104554,13
/bot30,250318104555,13
/bot30,250318104555,13
/bot30,250318104555,13
/bot30,250318104555,13
/bot30,250318104555,13
/bot30,250318104555,13
/bot30,250318104555,13
/bot30,250318104555,13
/bot30,250318104555,13
/bot30,250318104555,13
/bot30,250318104556,13
/bot30,250318104556,13
/bot30,250318104556,13
/bot30,250318104556,13
/bot30,250318104556,13
/bot30,250318104556,13
/bot30,250318104556,13
/bot30,250318104556,13
/bot30,250318104556,13
/bot30,250318104556,13
/bot30,250318104557,13
/bot30,250318104557,13
/bot30,250318104557,13
/bot30,250318104557,13
/bot30,250318104557,13
/bot30,250318104557,13
/bot30,250318104557,13
/bot30,250318104557,13
/bot30,250318104557,13
/bot30,250318104557,13
/bot30,250318104558,13
/bot30,250318104558,13
/bot30,250318104558,13
/bot30,250318104558,13
/bot30,250318104558,13
/bot30,250318104558,13
/bot30,250318104558,13
/bot30,250318104558,13
/bot30,250318104558,13
/bot30,250318104558,13
/bot30,250318104559,13
/bot30,250318104559,13
/bot30,250318104559,13
/bot30,250318104559,13
/bot30,250318104559,13
/bot30,250318104559,13
/bot30,250318104559,13
/bot30,250318104559,13
/bot30,250318104559,13
/bot30,250318104559,13
/bot30,250318104600,13
/bot30,250318104600,13
/bot30,250318104600,13
/bot30,250318104600,13
/bot30,250318104600,13
/bot30,250318104600,13
/bot30,250318104600,13
/bot30,250318104600,13
/bot30,250318104600,13
/bot30,250318104600,13
/bot30,250318104601,13
/bot30,250318104601,13
/bot30,250318104601,13
/bot30,250318104601,13
/bot30,250318104601,13
/bot30,250318104601,13
/bot30,250318104601,13
/bot30,250318104601,13
/bot30,250318104601,13
/bot30,250318104601,13
/bot30,250318104602,13
/bot30,250318104602,13
/bot30,250318104602,13
/bot30,250318104602,13
/bot30,250318104602,13
/bot30,250318104602,13
/bot30,250318104602,13
/bot30,250318104602,13
/bot30,250318104602,13
/bot30,250318104602,13
/bot30,250318104603,13
/bot30,250318104603,13
/bot30,250318104603,13
/bot30,250318104603,13
/bot30,250318104603,13
/bot30,250318104603,13
/bot30,250318104603,13
/bot30,250318104603,13
/bot30,250318104603,13
/bot30,250318104603,13
/bot30,250318104604,13
/bot30,250318104604,13
/bot30,250318104604,13
/bot30,250318104604,13
/bot30,250318104604,13
/bot30,250318104604,13
/bot30,250318104604,13
/bot30,250318104604,13
/bot30,250318104604,13
/bot30,250318104604,13
/bot30,250318104605,13
/bot30,250318104605,13
/bot30,250318104605,13
/bot30,250318104605,13
/bot30,250318104605,13
/bot30,250318104605,13
/bot30,250318104605,13
/bot30,250318104605,13
/bot30,250318104605,13
/bot30,250318104605,13
/bot30,250318104606,13
/bot30,250318104606,13
/bot30,250318104606,13
/bot30,250318104606,13
/bot30,250318104606,13
/bot30,250318104606,13
/bot30,250318104606,13
/bot30,250318104606,13
/bot30,250318104606,13
/bot30,250318104606,13
/bot30,250318104607,13
/bot30,250318104607,13
/bot30,250318104607,13
/bot30,250318104607,13
/bot30,250318104607,13
/bot30,250318104607,13
/bot30,250318104607,13
/bot30,250318104607,13
/bot30,250318104607,13
/bot30,250318104607,13
/bot30,250318104608,13
/bot30,250318104608,13
/bot30,250318104608,13
/bot30,250318104608,13
/bot30,250318104608,13
/bot30,250318104608,13
/bot30,250318104608,13
/bot30,250318104608,13
/bot30,250318104608,13
/bot30,250318104608,13
/bot30,250318104609,13
/bot30,250318104609,13
/bot30,250318104609,13
/bot30,250318104609,13
/bot30,250318104609,13
/bot30,250318104609,13
/bot30,250318104609,13
/bot30,250318104609,13
/bot30,250318104609,13
/bot30,250318104609,13
/bot30,250318104610,13
/bot30,250318104610,13
/bot30,250318104610,13
/bot30,250318104610,13
/bot30,250318104610,13
/bot30,250318104610,13
/bot30,250318104610,13
/bot30,250318104610,13
/bot30,250318104610,13
/bot30,250318104610,13
/bot30,250318104611,13
/bot30,250318104611,13
/bot30,250318104611,13
/bot30,250318104611,13
/bot30,250318104611,13
/bot30,250318104611,13
/bot30,250318104611,13
/bot30,250318104611,13
/bot30,250318104611,13
/bot30,250318104611,13
/bot30,250318104612,13
/bot30,250318104612,13
/bot30,250318104612,13
/bot30,250318104612,13
/bot30,250318104612,13
/bot30,250318104612,13
/bot30,250318104612,13
/bot30,250318104612,13
/bot30,250318104612,13
/bot30,250318104612,13
/bot30,250318104613,13
/bot30,250318104613,13
/bot30,250318104613,13
/bot30,250318104613,13
/bot30,250318104613,13
/bot30,250318104613,13
/bot30,250318104613,13
/bot30,250318104613,13
/bot30,250318104613,13
/bot30,250318104613,13
/bot30,250318104614,13
/bot30,250318104614,13
/bot30,250318104614,13
/bot30,250318104614,13
/bot30,250318104614,13
/bot30,250318104614,13
/bot30,250318104614,13
/bot30,250318104614,13
/bot30,250318104614,13
/bot30,250318104614,13
/bot30,250318104615,13
/bot30,250318104615,13
/bot30,250318104615,13
/bot30,250318104615,13
/bot30,250318104615,13
/bot30,250318104615,13
/bot30,250318104615,13
/bot30,250318104615,13
/bot30,250318104615,13
/bot30,250318104615,13
/bot30,250318104616,13
/bot30,250318104616,13
/bot30,250318104616,13
/bot30,250318104616,13
/bot30,250318104616,13
/bot30,250318104616,13
/bot30,250318104616,13
/bot30,250318104616,13
/bot30,250318104616,13
/bot30,250318104616,13
/bot30,250318104617,13
/bot30,250318104617,13
/bot30,250318104617,13
/bot30,250318104617,13
/bot30,250318104617,13
/bot30,250318104617,13
/bot30,250318104617,13
/bot30,250318104617,13
/bot30,250318104617,13
/bot30,250318104617,13
/bot30,250318104618,13
/bot30,250318104618,13
/bot30,250318104618,13
/bot30,250318104618,13
/bot30,250318104618,13
/bot30,250318104618,13
/bot30,250318104618,13
/bot30,250318104618,13
/bot30,250318104618,13
/bot30,250318104618,13
/bot30,250318104619,13
/bot30,250318104619,13
/bot30,250318104619,13
/bot30,250318104619,13
/bot30,250318104619,13
/bot30,250318104619,13
/bot30,250318104619,13
/bot30,250318104619,13
/bot30,250318104619,13
/bot30,250318104619,13
/bot30,250318104620,13
/bot30,250318104620,13
/bot30,250318104620,13
/bot30,250318104620,13
/bot30,250318104620,13
/bot30,250318104620,13
/bot30,250318104620,13
/bot30,250318104620,13
/bot30,250318104620,13
/bot30,250318104620,13
/bot30,250318104621,13
/bot30,250318104621,13
/bot30,250318104621,13
/bot30,250318104621,13
/bot30,250318104621,13
/bot30,250318104621,13
/bot30,250318104621,13
/bot30,250318104621,13
/bot30,250318104621,13
/bot30,250318104621,13
/bot30,250318104622,13
/bot30,250318104622,13
/bot30,250318104622,13
/bot30,250318104622,13
/bot30,250318104622,13
/bot30,250318104622,13
/bot30,250318104622,13
/bot30,250318104622,13
/bot30,250318104622,13
/bot30,250318104622,13
/bot30,250318104623,13
/bot30,250318104623,13
/bot30,250318104623,13
/bot30,250318104623,13
/bot30,250318104623,13
/bot30,250318104623,13
/bot30,250318104623,13
/bot30,250318104623,13
/bot30,250318104623,13
/bot30,250318104623,13
/bot30,250318104624,13
/bot30,250318104624,13
/bot30,250318104624,13
/bot30,250318104624,13
/bot30,250318104624,13
/bot30,250318104624,13
/bot30,250318104624,13
/bot30,250318104624,13
/bot30,250318104624,13
/bot30,250318104624,13
/bot30,250318104625,13
/bot30,250318104625,13
/bot30,250318104625,13
/bot30,250318104625,13
/bot30,250318104625,13
/bot30,250318104625,13
/bot30,250318104625,13
/bot30,250318104625,13
/bot30,250318104625,13
/bot30,250318104625,13
/bot30,250318104626,13
/bot30,250318104626,13
/bot30,250318104626,13
/bot30,250318104626,13
/bot30,250318104626,13
/bot30,250318104626,13
/bot30,250318104626,13
/bot30,250318104626,13
/bot30,250318104626,13
/bot30,250318104626,13
/bot30,250318104627,13
/bot30,250318104627,13
/bot30,250318104627,13
/bot30,250318104627,13
/bot30,250318104627,13
/bot30,250318104627,13
/bot30,250318104627,13
/bot30,250318104627,13
/bot30,250318104627,13
/bot30,250318104627,13
/bot30,250318104628,13
/bot30,250318104628,13
/bot30,250318104628,13
/bot30,250318104628,13
/bot30,250318104628,13
/bot30,250318104628,13
/bot30,250318104628,13
/bot30,250318104628,13
/bot30,250318104628,13
/bot30,250318104628,13
/bot30,250318104629,13
/bot30,250318104629,13
/bot30,250318104629,13
/bot30,250318104629,13
/bot30,250318104629,13
/bot30,250318104629,13
/bot30,250318104629,13
/bot30,250318104629,13
/bot30,250318104629,13
/bot30,250318104629,13
/bot30,250318104630,13
/bot30,250318104630,13
/bot30,250318104630,13
/bot30,250318104630,13
/bot30,250318104630,13
/bot30,250318104630,13
/bot30,250318104630,13
/bot30,250318104630,13
/bot30,250318104630,13
/bot30,250318104630,13
/bot30,250318104631,13
/bot30,250318104631,13
/bot30,250318104631,13
/bot30,250318104631,13
/bot30,250318104631,13
/bot30,250318104631,13
/bot30,250318104631,13
/bot30,250318104631,13
/bot30,250318104631,13
/bot30,250318104631,13
/bot30,250318104632,13
/bot30,250318104632,13
/bot30,250318104632,13
/bot30,250318104632,13
/bot30,250318104632,13
/bot30,250318104632,13
/bot30,250318104632,13
/bot30,250318104632,13
/bot30,250318104632,13
/bot30,250318104632,13
/bot30,250318104633,13
/bot30,250318104633,13
/bot30,250318104633,13
/bot30,250318104633,13
/bot30,250318104633,13
/bot30,250318104633,13
/bot30,250318104633,13
/bot30,250318104633,13
/bot30,250318104633,13
/bot30,250318104633,13
/bot30,250318104634,13
/bot30,250318104634,13
/bot30,250318104634,13
/bot30,250318104634,13
/bot30,250318104634,13
/bot30,250318104634,13
/bot30,250318104634,13
/bot30,250318104634,13
/bot30,250318104634,13
/bot30,250318104634,13
/bot30,250318104635,13
/bot30,250318104635,13
/bot30,250318104635,13
/bot30,250318104635,13
/bot30,250318104635,13
/bot30,250318104635,13
/bot30,250318104635,13
/bot30,250318104635,13
/bot30,250318104635,13
/bot30,250318104635,13
/bot30,250318104636,13
/bot30,250318104636,13
/bot30,250318104636,13
/bot30,250318104636,13
/bot30,250318104636,13
/bot30,250318104636,13
/bot30,250318104636,13
/bot30,250318104636,13
/bot30,250318104636,13
/bot30,250318104636,13
/bot30,250318104637,13
/bot30,250318104637,13
/bot30,250318104637,13
/bot30,250318104637,13
/bot30,250318104637,13
/bot30,250318104637,13
/bot30,250318104637,13
/bot30,250318104637,13
/bot30,250318104637,13
/bot30,250318104637,13
/bot30,250318104638,13
/bot30,250318104638,13
/bot30,250318104638,13
/bot30,250318104638,13
/bot30,250318104638,13
/bot30,250318104638,13
/bot30,250318104638,13
/bot30,250318104638,13
/bot30,250318104638,13
/bot30,250318104638,13
/bot30,250318104639,13
/bot30,250318104639,13
/bot30,250318104639,13
/bot30,250318104639,13
/bot30,250318104639,13
/bot30,250318104639,13
/bot30,250318104639,13
/bot30,250318104639,13
/bot30,250318104639,13
/bot30,250318104639,13
/bot30,250318104640,13
/bot30,250318104640,13
/bot30,250318104640,13
/bot30,250318104640,13
/bot30,250318104640,13
/bot30,250318104640,13
/bot30,250318104640,13
/bot30,250318104640,13
/bot30,250318104640,13
/bot30,250318104640,13
/bot30,250318104641,13
/bot30,250318104641,13
/bot30,250318104641,13
/bot30,250318104641,13
/bot30,250318104641,13
/bot30,250318104641,13
/bot30,250318104641,13
/bot30,250318104641,13
/bot30,250318104641,13
/bot30,250318104641,13
/bot30,250318104642,13
/bot30,250318104642,13
/bot30,250318104642,13
/bot30,250318104642,13
/bot30,250318104642,13
/bot30,250318104642,13
/bot30,250318104642,13
/bot30,250318104642,13
/bot30,250318104642,13
/bot30,250318104642,13
/bot30,250318104643,13
/bot30,250318104643,13
/bot30,250318104643,13
/bot30,250318104643,13
/bot30,250318104643,13
/bot30,250318104643,13
/bot30,250318104643,13
/bot30,250318104643,13
/bot30,250318104643,13
/bot30,250318104643,13
/bot30,250318104644,13
/bot30,250318104644,13
/bot30,250318104644,13
/bot30,250318104644,13
/bot30,250318104644,13
/bot30,250318104644,13
/bot30,250318104644,13
/bot30,250318104644,13
/bot30,250318104644,13
/bot30,250318104644,13
/bot30,250318104645,13
/bot30,250318104645,13
/bot30,250318104645,13
/bot30,250318104645,13
/bot30,250318104645,13
/bot30,250318104645,13
/bot30,250318104645,13
/bot30,250318104645,13
/bot30,250318104645,13
/bot30,250318104645,13
/bot30,250318104646,13
/bot30,250318104646,13
/bot30,250318104646,13
/bot30,250318104646,13
/bot30,250318104646,13
/bot30,250318104646,13
/bot30,250318104646,13
/bot30,250318104646,13
/bot30,250318104646,13
/bot30,250318104646,13
/bot30,250318104647,13
/bot30,250318104647,13
/bot30,250318104647,13
/bot30,250318104647,13
/bot30,250318104647,13
/bot30,250318104647,13
/bot30,250318104647,13
/bot30,250318104647,13
/bot30,250318104647,13
/bot30,250318104647,13
/bot30,250318104648,13
/bot30,250318104648,13
/bot30,250318104648,13
/bot30,250318104648,13
/bot30,250318104648,13
/bot30,250318104648,13
/bot30,250318104648,13
/bot30,250318104648,13
/bot30,250318104648,13
/bot30,250318104648,13
/bot30,250318104649,13
/bot30,250318104649,13
/bot30,250318104649,13
/bot30,250318104649,13
/bot30,250318104649,13
/bot30,250318104649,13
/bot30,250318104649,13
/bot30,250318104649,13
/bot30,250318104649,13
/bot30,250318104649,13
/bot30,250318104650,13
/bot30,250318104650,13
/bot30,250318104650,13
/bot30,250318104650,13
/bot30,250318104650,13
/bot30,250318104650,13
/bot30,250318104650,13
/bot30,250318104650,13
/bot30,250318104650,13
/bot30,250318104650,13
/bot30,250318104651,13
/bot30,250318104651,13
/bot30,250318104651,13
/bot30,250318104651,13
/bot30,250318104651,13
/bot30,250318104651,13
/bot30,250318104651,13
/bot30,250318104651,13
/bot30,250318104651,13
/bot30,250318104651,13
/bot30,250318104652,13
/bot30,250318104652,13
/bot30,250318104652,13
/bot30,250318104652,13
/bot30,250318104652,13
/bot30,250318104652,13
/bot30,250318104652,13
/bot30,250318104652,13
/bot30,250318104652,13
/bot30,250318104652,13
/bot30,250318104653,13
/bot30,250318104653,13
/bot30,250318104653,13
/bot30,250318104653,13
/bot30,250318104653,13
/bot30,250318104653,13
/bot30,250318104653,13
/bot30,250318104653,13
/bot30,250318104653,13
/bot30,250318104653,13
/bot30,250318104654,13
/bot30,250318104654,13
/bot30,250318104654,13
/bot30,250318104654,13
/bot30,250318104654,13
/bot30,250318104654,13
/bot30,250318104654,13
/bot30,250318104654,13
/bot30,250318104654,13
/bot30,250318104654,13
/bot30,250318104655,13
/bot30,250318104655,13
/bot30,250318104655,13
/bot30,250318104655,13
/bot30,250318104655,13
/bot30,250318104655,13
/bot30,250318104655,13
/bot30,250318104655,13
/bot30,250318104655,13
/bot30,250318104655,13
/bot30,250318104656,13
/bot30,250318104656,13
/bot30,250318104656,13
/bot30,250318104656,13
/bot30,250318104656,13
/bot30,250318104656,13
/bot30,250318104656,13
/bot30,250318104656,13
/bot30,250318104656,13
/bot30,250318104656,13
/bot30,250318104657,13
/bot30,250318104657,13
/bot30,250318104657,13
/bot30,250318104657,13
/bot30,250318104657,13
/bot30,250318104657,13
/bot30,250318104657,13
/bot30,250318104657,13
/bot30,250318104657,13
/bot30,250318104657,13
/bot30,250318104658,13
/bot30,250318104658,13
/bot30,250318104658,13
/bot30,250318104658,13
/bot30,250318104658,13
/bot30,250318104658,13
/bot30,250318104658,13
/bot30,250318104658,13
/bot30,250318104658,13
/bot30,250318104658,13
/bot30,250318104659,13
/bot30,250318104659,13
/bot30,250318104659,13
/bot30,250318104659,13
/bot30,250318104659,13
/bot30,250318104659,13
/bot30,250318104659,13
/bot30,250318104659,13
/bot30,250318104659,13
/bot30,250318104659,13
/bot30,250318104700,13
/bot30,250318104700,13
/bot30,250318104700,13
/bot30,250318104700,13
/bot30,250318104700,13
/bot30,250318104700,13
/bot30,250318104700,13
/bot30,250318104700,13
/bot30,250318104700,13
/bot30,250318104700,13
/bot30,250318104701,13
/bot30,250318104701,13
/bot30,250318104701,13
/bot30,250318104701,13
/bot30,250318104701,13
/bot30,250318104701,13
/bot30,250318104701,13
/bot30,250318104701,13
/bot30,250318104701,13
/bot30,250318104701,13
/bot30,250318104702,13
/bot30,250318104702,13
/bot30,250318104702,13
/bot30,250318104702,13
/bot30,250318104702,13
/bot30,250318104702,13
/bot30,250318104702,13
/bot30,250318104702,13
/bot30,250318104702,13
/bot30,250318104702,13
/bot30,250318104703,13
/bot30,250318104703,13
/bot30,250318104703,13
/bot30,250318104703,13
/bot30,250318104703,13
/bot30,250318104703,13
/bot30,250318104703,13
/bot30,250318104703,13
/bot30,250318104703,13
/bot30,250318104703,13
/bot30,250318104704,13
/bot30,250318104704,13
/bot30,250318104704,13
/bot30,250318104704,13
/bot30,250318104704,13
/bot30,250318104704,13
/bot30,250318104704,13
/bot30,250318104704,13
/bot30,250318104704,13
/bot30,250318104704,13
/bot30,250318104705,13
/bot30,250318104705,13
/bot30,250318104705,13
/bot30,250318104705,13
/bot30,250318104705,13
/bot30,250318104705,13
/bot30,250318104705,13
/bot30,250318104705,13
/bot30,250318104705,13
/bot30,250318104705,13
/bot30,250318104706,13
/bot30,250318104706,13
/bot30,250318104706,13
/bot30,250318104706,13
/bot30,250318104706,13
/bot30,250318104706,13
/bot30,250318104706,13
/bot30,250318104706,13
/bot30,250318104706,13
/bot30,250318104706,13
/bot30,250318104707,13
/bot30,250318104707,13
/bot30,250318104707,13
/bot30,250318104707,13
/bot30,250318104707,13
/bot30,250318104707,13
/bot30,250318104707,13
/bot30,250318104707,13
/bot30,250318104707,13
/bot30,250318104707,13
/bot30,250318104708,13
/bot30,250318104708,13
/bot30,250318104708,13
/bot30,250318104708,13
/bot30,250318104708,13
/bot30,250318104708,13
/bot30,250318104708,13
/bot30,250318104708,13
/bot30,250318104708,13
/bot30,250318104708,13
/bot30,250318104709,13
/bot30,250318104709,13
/bot30,250318104709,13
/bot30,250318104709,13
/bot30,250318104709,13
/bot30,250318104709,13
/bot30,250318104709,13
/bot30,250318104709,13
/bot30,250318104709,13
/bot30,250318104709,13
/bot30,250318104710,13
/bot30,250318104710,13
/bot30,250318104710,13
/bot30,250318104710,13
/bot30,250318104710,13
/bot30,250318104710,13
/bot30,250318104710,13
/bot30,250318104710,13
/bot30,250318104710,13
/bot30,250318104710,13
/bot30,250318104711,13
/bot30,250318104711,13
/bot30,250318104711,13
/bot30,250318104711,13
/bot30,250318104711,13
/bot30,250318104711,13
/bot30,250318104711,13
/bot30,250318104711,13
/bot30,250318104711,13
/bot30,250318104711,13
/bot30,250318104712,13
/bot30,250318104712,13
/bot30,250318104712,13
/bot30,250318104712,13
/bot30,250318104712,13
/bot30,250318104712,13
/bot30,250318104712,13
/bot30,250318104712,13
/bot30,250318104712,13
/bot30,250318104712,13
/bot30,250318104713,13
/bot30,250318104713,13
/bot30,250318104713,13
/bot30,250318104713,13
/bot30,250318104713,13
/bot30,250318104713,13
/bot30,250318104713,13
/bot30,250318104713,13
/bot30,250318104713,13
/bot30,250318104713,13
/bot30,250318104714,13
/bot30,250318104714,13
/bot30,250318104714,13
/bot30,250318104714,13
/bot30,250318104714,13
/bot30,250318104714,13
/bot30,250318104714,13
/bot30,250318104714,13
/bot30,250318104714,13
/bot30,250318104714,13
/bot30,250318104715,13
/bot30,250318104715,13
/bot30,250318104715,13
/bot30,250318104715,13
/bot30,250318104715,13
/bot30,250318104715,13
/bot30,250318104715,13
/bot30,250318104715,13
/bot30,250318104715,13
/bot30,250318104715,13
/bot30,250318104716,13
/bot30,250318104716,13
/bot30,250318104716,13
/bot30,250318104716,13
/bot30,250318104716,13
/bot30,250318104716,13
/bot30,250318104716,13
/bot30,250318104716,13
/bot30,250318104716,13
/bot30,250318104716,13
/bot30,250318104717,13
/bot30,250318104717,13
/bot30,250318104717,13
/bot30,250318104717,13
/bot30,250318104717,13
/bot30,250318104717,13
/bot30,250318104717,13
/bot30,250318104717,13
/bot30,250318104717,13
/bot30,250318104717,13
/bot30,250318104718,13
/bot30,250318104718,13
/bot30,250318104718,13
/bot30,250318104718,13
/bot30,250318104718,13
/bot30,250318104718,13
/bot30,250318104718,13
/bot30,250318104718,13
/bot30,250318104718,13
/bot30,250318104718,13
/bot30,250318104719,13
/bot30,250318104719,13
/bot30,250318104719,13
/bot30,250318104719,13
/bot30,250318104719,13
/bot30,250318104719,13
/bot30,250318104719,13
/bot30,250318104719,13
/bot30,250318104719,13
/bot30,250318104719,13
/bot30,250318104720,13
/bot30,250318104720,13
/bot30,250318104720,13
/bot30,250318104720,13
/bot30,250318104720,13
/bot30,250318104720,13
/bot30,250318104720,13
/bot30,250318104720,13
/bot30,250318104720,13
/bot30,250318104720,13
/bot30,250318104721,13
/bot30,250318104721,13
/bot30,250318104721,13
/bot30,250318104721,13
/bot30,250318104721,13
/bot30,250318104721,13
/bot30,250318104721,13
/bot30,250318104721,13
/bot30,250318104721,13
/bot30,250318104721,13
/bot30,250318104722,13
/bot30,250318104722,13
/bot30,250318104722,13
/bot30,250318104722,13
/bot30,250318104722,13
/bot30,250318104722,13
/bot30,250318104722,13
/bot30,250318104722,13
/bot30,250318104722,13
/bot30,250318104722,13
/bot30,250318104723,13
/bot30,250318104723,13
/bot30,250318104723,13
/bot30,250318104723,13
/bot30,250318104723,13
/bot30,250318104723,13
/bot30,250318104723,13
/bot30,250318104723,13
/bot30,250318104723,13
/bot30,250318104723,13
/bot30,250318104724,13
/bot30,250318104724,13
/bot30,250318104724,13
/bot30,250318104724,13
/bot30,250318104724,13
/bot30,250318104724,13
/bot30,250318104724,13
/bot30,250318104724,13
/bot30,250318104724,13
/bot30,250318104724,13
/bot30,250318104725,13
/bot30,250318104725,13
/bot30,250318104725,13
/bot30,250318104725,13
/bot30,250318104725,13
/bot30,250318104725,13
/bot30,250318104725,13
/bot30,250318104725,13
/bot30,250318104725,13
/bot30,250318104725,13
/bot30,250318104726,13
/bot30,250318104726,13
/bot30,250318104726,13
/bot30,250318104726,13
/bot30,250318104726,13
/bot30,250318104726,13
/bot30,250318104726,13
/bot30,250318104726,13
/bot30,250318104726,13
/bot30,250318104726,13
/bot30,250318104727,13
/bot30,250318104727,13
/bot30,250318104727,13
/bot30,250318104727,13
/bot30,250318104727,13
/bot30,250318104727,13
/bot30,250318104727,13
/bot30,250318104727,13
/bot30,250318104727,13
/bot30,250318104727,13
/bot30,250318104728,13
/bot30,250318104728,13
/bot30,250318104728,13
/bot30,250318104728,13
/bot30,250318104728,13
/bot30,250318104728,13
/bot30,250318104728,13
/bot30,250318104728,13
/bot30,250318104728,13
/bot30,250318104728,13
/bot30,250318104729,13
/bot30,250318104729,13
/bot30,250318104729,13
/bot30,250318104729,13
/bot30,250318104729,13
/bot30,250318104729,13
/bot30,250318104729,13
/bot30,250318104729,13
/bot30,250318104729,13
/bot30,250318104729,13
/bot30,250318104730,13
/bot30,250318104730,13
/bot30,250318104730,13
/bot30,250318104730,13
/bot30,250318104730,13
/bot30,250318104730,13
/bot30,250318104730,13
/bot30,250318104730,13
/bot30,250318104730,13
/bot30,250318104730,13
/bot30,250318104731,13
/bot30,250318104731,13
/bot30,250318104731,13
/bot30,250318104731,13
/bot30,250318104731,13
/bot30,250318104731,13
/bot30,250318104731,13
/bot30,250318104731,13
/bot30,250318104731,13
/bot30,250318104731,13
/bot30,250318104732,13
/bot30,250318104732,13
/bot30,250318104732,13
/bot30,250318104732,13
/bot30,250318104732,13
/bot30,250318104732,13
/bot30,250318104732,13
/bot30,250318104732,13
/bot30,250318104732,13
/bot30,250318104732,13
/bot30,250318104733,13
/bot30,250318104733,13
/bot30,250318104733,13
/bot30,250318104733,13
/bot30,250318104733,13
/bot30,250318104733,13
/bot30,250318104733,13
/bot30,250318104733,13
/bot30,250318104733,13
/bot30,250318104733,13
/bot30,250318104734,13
/bot30,250318104734,13
/bot30,250318104734,13
/bot30,250318104734,13
/bot30,250318104734,13
/bot30,250318104734,13
/bot30,250318104734,13
/bot30,250318104734,13
/bot30,250318104734,13
/bot30,250318104734,13
/bot30,250318104735,13
/bot30,250318104735,13
/bot30,250318104735,13
/bot30,250318104735,13
/bot30,250318104735,13
/bot30,250318104735,13
/bot30,250318104735,13
/bot30,250318104735,13
/bot30,250318104735,13
/bot30,250318104735,13
/bot30,250318104736,13
/bot30,250318104736,13
/bot30,250318104736,13
/bot30,250318104736,13
/bot30,250318104736,13
/bot30,250318104736,13
/bot30,250318104736,13
/bot30,250318104736,13
/bot30,250318104736,13
/bot30,250318104736,13
/bot30,250318104737,13
/bot30,250318104737,13
/bot30,250318104737,13
/bot30,250318104737,13
/bot30,250318104737,13
/bot30,250318104737,13
/bot30,250318104737,13
/bot30,250318104737,13
/bot30,250318104737,13
/bot30,250318104737,13
/bot30,250318104738,13
/bot30,250318104738,13
/bot30,250318104738,13
/bot30,250318104738,13
/bot30,250318104738,13
/bot30,250318104738,13
/bot30,250318104738,13
/bot30,250318104738,13
/bot30,250318104738,13
/bot30,250318104738,13
/bot30,250318104739,13
/bot30,250318104739,13
/bot30,250318104739,13
/bot30,250318104739,13
/bot30,250318104739,13
/bot30,250318104739,13
/bot30,250318104739,13
/bot30,250318104739,13
/bot30,250318104739,13
/bot30,250318104739,13
/bot30,250318104740,13
/bot30,250318104740,13
/bot30,250318104740,13
/bot30,250318104740,13
/bot30,250318104740,13
/bot30,250318104740,13
/bot30,250318104740,13
/bot30,250318104740,13
/bot30,250318104740,13
/bot30,250318104740,13
/bot30,250318104741,13
/bot30,250318104741,13
/bot30,250318104741,13
/bot30,250318104741,13
/bot30,250318104741,13
/bot30,250318104741,13
/bot30,250318104741,13
/bot30,250318104741,13
/bot30,250318104741,13
/bot30,250318104741,13
/bot30,250318104742,13
/bot30,250318104742,13
/bot30,250318104742,13
/bot30,250318104742,13
/bot30,250318104742,13
/bot30,250318104742,13
/bot30,250318104742,13
/bot30,250318104742,13
/bot30,250318104742,13
/bot30,250318104742,13
/bot30,250318104743,13
/bot30,250318104743,13
/bot30,250318104743,13
/bot30,250318104743,13
/bot30,250318104743,13
/bot30,250318104743,13
/bot30,250318104743,13
/bot30,250318104743,13
/bot30,250318104743,13
/bot30,250318104743,13
/bot30,250318104744,13
/bot30,250318104744,13
/bot30,250318104744,13
/bot30,250318104744,13
/bot30,250318104744,13
/bot30,250318104744,13
/bot30,250318104744,13
/bot30,250318104744,13
/bot30,250318104744,13
/bot30,250318104744,13
/bot30,250318104745,13
/bot30,250318104745,13
/bot30,250318104745,13
/bot30,250318104745,13
/bot30,250318104745,13
/bot30,250318104745,13
/bot30,250318104745,13
/bot30,250318104745,13
/bot30,250318104745,13
/bot30,250318104745,13
/bot30,250318104746,13
/bot30,250318104746,13
/bot30,250318104746,13
/bot30,250318104746,13
/bot30,250318104746,13
/bot30,250318104746,13
/bot30,250318104746,13
/bot30,250318104746,13
/bot30,250318104746,13
/bot30,250318104746,13
/bot30,250318104747,13
/bot30,250318104747,13
/bot30,250318104747,13
/bot30,250318104747,13
/bot30,250318104747,13
/bot30,250318104747,13
/bot30,250318104747,13
/bot30,250318104747,13
/bot30,250318104747,13
/bot30,250318104747,13
/bot30,250318104748,13
/bot30,250318104748,13
/bot30,250318104748,13
/bot30,250318104748,13
/bot30,250318104748,13
/bot30,250318104748,13
/bot30,250318104748,13
/bot30,250318104748,13
/bot30,250318104748,13
/bot30,250318104748,13
/bot30,250318104749,13
/bot30,250318104749,13
/bot30,250318104749,13
/bot30,250318104749,13
/bot30,250318104749,13
/bot30,250318104749,13
/bot30,250318104749,13
/bot30,250318104749,13
/bot30,250318104749,13
/bot30,250318104749,13
/bot30,250318104750,13
/bot30,250318104750,13
/bot30,250318104750,13
/bot30,250318104750,13
/bot30,250318104750,13
/bot30,250318104750,13
/bot30,250318104750,13
/bot30,250318104750,13
/bot30,250318104750,13
/bot30,250318104750,13
/bot30,250318104751,13
/bot30,250318104751,13
/bot30,250318104751,13
/bot30,250318104751,13
/bot30,250318104751,13
/bot30,250318104751,13
/bot30,250318104751,13
/bot30,250318104751,13
/bot30,250318104751,13
/bot30,250318104751,13
/bot30,250318104752,13
/bot30,250318104752,13
/bot30,250318104752,13
/bot30,250318104752,13
/bot30,250318104752,13
/bot30,250318104752,13
/bot30,250318104752,13
/bot30,250318104752,13
/bot30,250318104752,13
/bot30,250318104752,13
/bot30,250318104753,13
/bot30,250318104753,13
/bot30,250318104753,13
/bot30,250318104753,13
/bot30,250318104753,13
/bot30,250318104753,13
/bot30,250318104753,13
/bot30,250318104753,13
/bot30,250318104753,13
/bot30,250318104753,13
/bot30,250318104754,13
/bot30,250318104754,13
/bot30,250318104754,13
/bot30,250318104754,13
/bot30,250318104754,13
/bot30,250318104754,13
/bot30,250318104754,13
/bot30,250318104754,13
/bot30,250318104754,13
/bot30,250318104754,13
/bot30,250318104755,13
/bot30,250318104755,13
/bot30,250318104755,13
/bot30,250318104755,13
/bot30,250318104755,13
/bot30,250318104755,13
/bot30,250318104755,13
/bot30,250318104755,13
/bot30,250318104755,13
/bot30,250318104755,13
/bot30,250318104756,13
/bot30,250318104756,13
/bot30,250318104756,13
/bot30,250318104756,13
/bot30,250318104756,13
/bot30,250318104756,13
/bot30,250318104756,13
/bot30,250318104756,13
/bot30,250318104756,13
/bot30,250318104756,13
/bot30,250318104757,13
/bot30,250318104757,13
/bot30,250318104757,13
/bot30,250318104757,13
/bot30,250318104757,13
/bot30,250318104757,13
/bot30,250318104757,13
/bot30,250318104757,13
/bot30,250318104757,13
/bot30,250318104757,13
/bot30,250318104758,13
/bot30,250318104758,13
/bot30,250318104758,13
/bot30,250318104758,13
/bot30,250318104758,13
/bot30,250318104758,13
/bot30,250318104758,13
/bot30,250318104758,13
/bot30,250318104758,13
/bot30,250318104758,13
/bot30,250318104759,13
/bot30,250318104759,13
/bot30,250318104759,13
/bot30,250318104759,13
/bot30,250318104759,13
/bot30,250318104759,13
/bot30,250318104759,13
/bot30,250318104759,13
/bot30,250318104759,13
/bot30,250318104759,13
/bot30,250318104800,13
/bot30,250318104800,13
/bot30,250318104800,13
/bot30,250318104800,13
/bot30,250318104800,13
/bot30,250318104800,13
/bot30,250318104800,13
/bot30,250318104800,13
/bot30,250318104800,13
/bot30,250318104800,13
/bot30,250318104801,13
/bot30,250318104801,13
/bot30,250318104801,13
/bot30,250318104801,13
/bot30,250318104801,13
/bot30,250318104801,13
/bot30,250318104801,13
/bot30,250318104801,13
/bot30,250318104801,13
/bot30,250318104801,13
/bot30,250318104802,13
/bot30,250318104802,13
/bot30,250318104802,13
/bot30,250318104802,13
/bot30,250318104802,13
/bot30,250318104802,13
/bot30,250318104802,13
/bot30,250318104802,13
/bot30,250318104802,13
/bot30,250318104802,13
/bot30,250318104803,13
/bot30,250318104803,13
/bot30,250318104803,13
/bot30,250318104803,13
/bot30,250318104803,13
/bot30,250318104803,13
/bot30,250318104803,13
/bot30,250318104803,13
/bot30,250318104803,13
/bot30,250318104803,13
/bot30,250318104804,13
/bot30,250318104804,13
/bot30,250318104804,13
/bot30,250318104804,13
/bot30,250318104804,13
/bot30,250318104804,13
/bot30,250318104804,13
/bot30,250318104804,13
/bot30,250318104804,13
/bot30,250318104804,13
/bot30,250318104805,13
/bot30,250318104805,13
/bot30,250318104805,13
/bot30,250318104805,13
/bot30,250318104805,13
/bot30,250318104805,13
/bot30,250318104805,13
/bot30,250318104805,13
/bot30,250318104805,13
/bot30,250318104805,13
/bot30,250318104806,13
/bot30,250318104806,13
/bot30,250318104806,13
/bot30,250318104806,13
/bot30,250318104806,13
/bot30,250318104806,13
/bot30,250318104806,13
/bot30,250318104806,13
/bot30,250318104806,13
/bot30,250318104806,13
/bot30,250318104807,13
/bot30,250318104807,13
/bot30,250318104807,13
/bot30,250318104807,13
/bot30,250318104807,13
/bot30,250318104807,13
/bot30,250318104807,13
/bot30,250318104807,13
/bot30,250318104807,13
/bot30,250318104807,13
/bot30,250318104808,13
/bot30,250318104808,13
/bot30,250318104808,13
/bot30,250318104808,13
/bot30,250318104808,13
/bot30,250318104808,13
/bot30,250318104808,13
/bot30,250318104808,13
/bot30,250318104808,13
/bot30,250318104808,13
/bot30,250318104809,13
/bot30,250318104809,13
/bot30,250318104809,13
/bot30,250318104809,13
/bot30,250318104809,13
/bot30,250318104809,13
/bot30,250318104809,13
/bot30,250318104809,13
/bot30,250318104809,13
/bot30,250318104809,13
/bot30,250318104810,13
/bot30,250318104810,13
/bot30,250318104810,13
/bot30,250318104810,13
/bot30,250318104810,13
/bot30,250318104810,13
/bot30,250318104810,13
/bot30,250318104810,13
/bot30,250318104810,13
/bot30,250318104810,13
/bot30,250318104811,13
/bot30,250318104811,13
/bot30,250318104811,13
/bot30,250318104811,13
/bot30,250318104811,13
/bot30,250318104811,13
/bot30,250318104811,13
/bot30,250318104811,13
/bot30,250318104811,13
/bot30,250318104811,13
/bot30,250318104812,13
/bot30,250318104812,13
/bot30,250318104812,13
/bot30,250318104812,13
/bot30,250318104812,13
/bot30,250318104812,13
/bot30,250318104812,13
/bot30,250318104812,13
/bot30,250318104812,13
/bot30,250318104812,13
/bot30,250318104813,13
/bot30,250318104813,13
/bot30,250318104813,13
/bot30,250318104813,13
/bot30,250318104813,13
/bot30,250318104813,13
/bot30,250318104813,13
/bot30,250318104813,13
/bot30,250318104813,13
/bot30,250318104813,13
/bot30,250318104814,13
/bot30,250318104814,13
/bot30,250318104814,13
/bot30,250318104814,13
/bot30,250318104814,13
/bot30,250318104814,13
/bot30,250318104814,13
/bot30,250318104814,13
/bot30,250318104814,13
/bot30,250318104814,13
/bot30,250318104815,13
/bot30,250318104815,13
/bot30,250318104815,13
/bot30,250318104815,13
/bot30,250318104815,13
/bot30,250318104815,13
/bot30,250318104815,13
/bot30,250318104815,13
/bot30,250318104815,13
/bot30,250318104815,13
/bot30,250318104816,13
/bot30,250318104816,13
/bot30,250318104816,13
/bot30,250318104816,13
/bot30,250318104816,13
/bot30,250318104816,13
/bot30,250318104816,13
/bot30,250318104816,13
/bot30,250318104816,13
/bot30,250318104816,13
/bot30,250318104817,13
/bot30,250318104817,13
/bot30,250318104817,13
/bot30,250318104817,13
/bot30,250318104817,13
/bot30,250318104817,13
/bot30,250318104817,13
/bot30,250318104817,13
/bot30,250318104817,13
/bot30,250318104817,13
/bot30,250318104818,13
/bot30,250318104818,13
/bot30,250318104818,13
/bot30,250318104818,13
/bot30,250318104818,13
/bot30,250318104818,13
/bot30,250318104818,13
/bot30,250318104818,13
/bot30,250318104818,13
/bot30,250318104818,13
/bot30,250318104819,13
/bot30,250318104819,13
/bot30,250318104819,13
/bot30,250318104819,13
/bot30,250318104819,13
/bot30,250318104819,13
/bot30,250318104819,13
/bot30,250318104819,13
/bot30,250318104819,13
/bot30,250318104819,13
/bot30,250318104820,13
/bot30,250318104820,13
/bot30,250318104820,13
/bot30,250318104820,13
/bot30,250318104820,13
/bot30,250318104820,13
/bot30,250318104820,13
/bot30,250318104820,13
/bot30,250318104820,13
/bot30,250318104820,13
/bot30,250318104821,13
/bot30,250318104821,13
/bot30,250318104821,13
/bot30,250318104821,13
/bot30,250318104821,13
/bot30,250318104821,13
/bot30,250318104821,13
/bot30,250318104821,13
/bot30,250318104821,13
/bot30,250318104821,13
/bot30,250318104822,13
/bot30,250318104822,13
/bot30,250318104822,13
/bot30,250318104822,13
/bot30,250318104822,13
/bot30,250318104822,13
/bot30,250318104822,13
/bot30,250318104822,13
/bot30,250318104822,13
/bot30,250318104822,13
/bot30,250318104823,13
/bot30,250318104823,13
/bot30,250318104823,13
/bot30,250318104823,13
/bot30,250318104823,13
/bot30,250318104823,13
/bot30,250318104823,13
/bot30,250318104823,13
/bot30,250318104823,13
/bot30,250318104823,13
/bot30,250318104824,13
/bot30,250318104824,13
/bot30,250318104824,13
/bot30,250318104824,13
/bot30,250318104824,13
/bot30,250318104824,13
/bot30,250318104824,13
/bot30,250318104824,13
/bot30,250318104824,13
/bot30,250318104824,13
/bot30,250318104825,13
/bot30,250318104825,13
/bot30,250318104825,13
/bot30,250318104825,13
/bot30,250318104825,13
/bot30,250318104825,13
/bot30,250318104825,13
/bot30,250318104825,13
/bot30,250318104825,13
/bot30,250318104825,13
/bot30,250318104826,13
/bot30,250318104826,13
/bot30,250318104826,13
/bot30,250318104826,13
/bot30,250318104826,13
/bot30,250318104826,13
/bot30,250318104826,13
/bot30,250318104826,13
/bot30,250318104826,13
/bot30,250318104826,13
/bot30,250318104827,13
/bot30,250318104827,13
/bot30,250318104827,13
/bot30,250318104827,13
/bot30,250318104827,13
/bot30,250318104827,13
/bot30,250318104827,13
/bot30,250318104827,13
/bot30,250318104827,13
/bot30,250318104827,13
/bot30,250318104828,13
/bot30,250318104828,13
/bot30,250318104828,13
/bot30,250318104828,13
/bot30,250318104828,13
/bot30,250318104828,13
/bot30,250318104828,13
/bot30,250318104828,13
/bot30,250318104828,13
/bot30,250318104828,13
/bot30,250318104829,13
/bot30,250318104829,13
/bot30,250318104829,13
/bot30,250318104829,13
/bot30,250318104829,13
/bot30,250318104829,13
/bot30,250318104829,13
/bot30,250318104829,13
/bot30,250318104829,13
/bot30,250318104829,13
/bot30,250318104830,13
/bot30,250318104830,13
/bot30,250318104830,13
/bot30,250318104830,13
/bot30,250318104830,13
/bot30,250318104830,13
/bot30,250318104830,13
/bot30,250318104830,13
/bot30,250318104830,13
/bot30,250318104830,13
/bot30,250318104831,13
/bot30,250318104831,13
/bot30,250318104831,13
/bot30,250318104831,13
/bot30,250318104831,13
/bot30,250318104831,13
/bot30,250318104831,13
/bot30,250318104831,13
/bot30,250318104831,13
/bot30,250318104831,13
/bot30,250318104832,13
/bot30,250318104832,13
/bot30,250318104832,13
/bot30,250318104832,13
/bot30,250318104832,13
/bot30,250318104832,13
/bot30,250318104832,13
/bot30,250318104832,13
/bot30,250318104832,13
/bot30,250318104832,13
/bot30,250318104833,13
/bot30,250318104833,13
/bot30,250318104833,13
/bot30,250318104833,13
/bot30,250318104833,13
/bot30,250318104833,13
/bot30,250318104833,13
/bot30,250318104833,13
/bot30,250318104833,13
/bot30,250318104833,13
/bot30,250318104834,13
/bot30,250318104834,13
/bot30,250318104834,13
/bot30,250318104834,13
/bot30,250318104834,13
/bot30,250318104834,13
/bot30,250318104834,13
/bot30,250318104834,13
/bot30,250318104834,13
/bot30,250318104834,13
/bot30,250318104835,13
/bot30,250318104835,13
/bot30,250318104835,13
/bot30,250318104835,13
/bot30,250318104835,13
/bot30,250318104835,13
/bot30,250318104835,13
/bot30,250318104835,13
/bot30,250318104835,13
/bot30,250318104835,13
/bot30,250318104836,13
/bot30,250318104836,13
/bot30,250318104836,13
/bot30,250318104836,13
/bot30,250318104836,13
/bot30,250318104836,13
/bot30,250318104836,13
/bot30,250318104836,13
/bot30,250318104836,13
/bot30,250318104836,13
/bot30,250318104837,13
/bot30,250318104837,13
/bot30,250318104837,13
/bot30,250318104837,13
/bot30,250318104837,13
/bot30,250318104837,13
/bot30,250318104837,13
/bot30,250318104837,13
/bot30,250318104837,13
/bot30,250318104837,13
/bot30,250318104838,13
/bot30,250318104838,13
/bot30,250318104838,13
/bot30,250318104838,13
/bot30,250318104838,13
/bot30,250318104838,13
/bot30,250318104838,13
/bot30,250318104838,13
/bot30,250318104838,13
/bot30,250318104838,13
/bot30,250318104839,13
/bot30,250318104839,13
/bot30,250318104839,13
/bot30,250318104839,13
/bot30,250318104839,13
/bot30,250318104839,13
/bot30,250318104839,13
/bot30,250318104839,13
/bot30,250318104839,13
/bot30,250318104839,13
/bot30,250318104840,13
/bot30,250318104840,13
/bot30,250318104840,13
/bot30,250318104840,13
/bot30,250318104840,13
/bot30,250318104840,13
/bot30,250318104840,13
/bot30,250318104840,13
/bot30,250318104840,13
/bot30,250318104840,13
/bot30,250318104841,13
/bot30,250318104841,13
/bot30,250318104841,13
/bot30,250318104841,13
/bot30,250318104841,13
/bot30,250318104841,13
/bot30,250318104841,13
/bot30,250318104841,13
/bot30,250318104841,13
/bot30,250318104841,13
/bot30,250318104842,13
/bot30,250318104842,13
/bot30,250318104842,13
/bot30,250318104842,13
/bot30,250318104842,13
/bot30,250318104842,13
/bot30,250318104842,13
/bot30,250318104842,13
/bot30,250318104842,13
/bot30,250318104842,13
/bot30,250318104843,13
/bot30,250318104843,13
/bot30,250318104843,13
/bot30,250318104843,13
/bot30,250318104843,13
/bot30,250318104843,13
/bot30,250318104843,13
/bot30,250318104843,13
/bot30,250318104843,13
/bot30,250318104843,13
/bot30,250318104844,13
/bot30,250318104844,13
/bot30,250318104844,13
/bot30,250318104844,13
/bot30,250318104844,13
/bot30,250318104844,13
/bot30,250318104844,13
/bot30,250318104844,13
/bot30,250318104844,13
/bot30,250318104844,13
/bot30,250318104845,13
/bot30,250318104845,13
/bot30,250318104845,13
/bot30,250318104845,13
/bot30,250318104845,13
/bot30,250318104845,13
/bot30,250318104845,13
/bot30,250318104845,13
/bot30,250318104845,13
/bot30,250318104845,13
/bot30,250318104846,13
/bot30,250318104846,13
/bot30,250318104846,13
/bot30,250318104846,13
/bot30,250318104846,13
/bot30,250318104846,13
/bot30,250318104846,13
/bot30,250318104846,13
/bot30,250318104846,13
/bot30,250318104846,13
/bot30,250318104847,13
/bot30,250318104847,13
/bot30,250318104847,13
/bot30,250318104847,13
/bot30,250318104847,13
/bot30,250318104847,13
/bot30,250318104847,13
/bot30,250318104847,13
/bot30,250318104847,13
/bot30,250318104847,13
/bot30,250318104848,13
/bot30,250318104848,13
/bot30,250318104848,13
/bot30,250318104848,13
/bot30,250318104848,13
/bot30,250318104848,13
/bot30,250318104848,13
/bot30,250318104848,13
/bot30,250318104848,13
/bot30,250318104848,13
/bot30,250318104849,13
/bot30,250318104849,13
/bot30,250318104849,13
/bot30,250318104849,13
/bot30,250318104849,13
/bot30,250318104849,13
/bot30,250318104849,13
/bot30,250318104849,13
/bot30,250318104849,13
/bot30,250318104849,13
/bot30,250318104850,13
/bot30,250318104850,13
/bot30,250318104850,13
/bot30,250318104850,13
/bot30,250318104850,13
/bot30,250318104850,13
/bot30,250318104850,13
/bot30,250318104850,13
/bot30,250318104850,13
/bot30,250318104850,13
/bot30,250318104851,13
/bot30,250318104851,13
/bot30,250318104851,13
/bot30,250318104851,13
/bot30,250318104851,13
/bot30,250318104851,13
/bot30,250318104851,13
/bot30,250318104851,13
/bot30,250318104851,13
/bot30,250318104851,13
/bot30,250318104852,13
/bot30,250318104852,13
/bot30,250318104852,13
/bot30,250318104852,13
/bot30,250318104852,13
/bot30,250318104852,13
/bot30,250318104852,13
/bot30,250318104852,13
/bot30,250318104852,13
/bot30,250318104852,13
/bot30,250318104853,13
/bot30,250318104853,13
/bot30,250318104853,13
/bot30,250318104853,13
/bot30,250318104853,13
/bot30,250318104853,13
/bot30,250318104853,13
/bot30,250318104853,13
/bot30,250318104853,13
/bot30,250318104853,13
/bot30,250318104854,13
/bot30,250318104854,13
/bot30,250318104854,13
/bot30,250318104854,13
/bot30,250318104854,13
/bot30,250318104854,13
/bot30,250318104854,13
/bot30,250318104854,13
/bot30,250318104854,13
/bot30,250318104854,13
/bot30,250318104855,13
/bot30,250318104855,13
/bot30,250318104855,13
/bot30,250318104855,13
/bot30,250318104855,13
/bot30,250318104855,13
/bot30,250318104855,13
/bot30,250318104855,13
/bot30,250318104855,13
/bot30,250318104855,13
/bot30,250318104856,13
/bot30,250318104856,13
/bot30,250318104856,13
/bot30,250318104856,13
/bot30,250318104856,13
/bot30,250318104856,13
/bot30,250318104856,13
/bot30,250318104856,13
/bot30,250318104856,13
/bot30,250318104856,13
/bot30,250318104857,13
/bot30,250318104857,13
/bot30,250318104857,13
/bot30,250318104857,13
/bot30,250318104857,13
/bot30,250318104857,13
/bot30,250318104857,13
/bot30,250318104857,13
/bot30,250318104857,13
/bot30,250318104857,13
/bot30,250318104858,13
/bot30,250318104858,13
/bot30,250318104858,13
/bot30,250318104858,13
/bot30,250318104858,13
/bot30,250318104858,13
/bot30,250318104858,13
/bot30,250318104858,13
/bot30,250318104858,13
/bot30,250318104858,13
/bot30,250318104859,13
/bot30,250318104859,13
/bot30,250318104859,13
/bot30,250318104859,13
/bot30,250318104859,13
/bot30,250318104859,13
/bot30,250318104859,13
/bot30,250318104859,13
/bot30,250318104859,13
/bot30,250318104859,13
/bot30,250318104900,13
/bot30,250318104900,13
/bot30,250318104900,13
/bot30,250318104900,13
/bot30,250318104900,13
/bot30,250318104900,13
/bot30,250318104900,13
/bot30,250318104900,13
/bot30,250318104900,13
/bot30,250318104900,13
/bot30,250318104901,13
/bot30,250318104901,13
/bot30,250318104901,13
/bot30,250318104901,13
/bot30,250318104901,13
/bot30,250318104901,13
/bot30,250318104901,13
/bot30,250318104901,13
/bot30,250318104901,13
/bot30,250318104901,13
/bot30,250318104902,13
/bot30,250318104902,13
/bot30,250318104902,13
/bot30,250318104902,13
/bot30,250318104902,13
/bot30,250318104902,13
/bot30,250318104902,13
/bot30,250318104902,13
/bot30,250318104902,13
/bot30,250318104902,13
/bot30,250318104903,13
/bot30,250318104903,13
/bot30,250318104903,13
/bot30,250318104903,13
/bot30,250318104903,13
/bot30,250318104903,13
/bot30,250318104903,13
/bot30,250318104903,13
/bot30,250318104903,13
/bot30,250318104903,13
/bot30,250318104904,13
/bot30,250318104904,13
/bot30,250318104904,13
/bot30,250318104904,13
/bot30,250318104904,13
/bot30,250318104904,13
/bot30,250318104904,13
/bot30,250318104904,13
/bot30,250318104904,13
/bot30,250318104904,13
/bot30,250318104905,13
/bot30,250318104905,13
/bot30,250318104905,13
/bot30,250318104905,13
/bot30,250318104905,13
/bot30,250318104905,13
/bot30,250318104905,13
/bot30,250318104905,13
/bot30,250318104905,13
/bot30,250318104905,13
/bot30,250318104906,13
/bot30,250318104906,13
/bot30,250318104906,13
/bot30,250318104906,13
/bot30,250318104906,13
/bot30,250318104906,13
/bot30,250318104906,13
/bot30,250318104906,13
/bot30,250318104906,13
/bot30,250318104906,13
/bot30,250318104907,13
/bot30,250318104907,13
/bot30,250318104907,13
/bot30,250318104907,13
/bot30,250318104907,13
/bot30,250318104907,13
/bot30,250318104907,13
/bot30,250318104907,13
/bot30,250318104907,13
/bot30,250318104907,13
/bot30,250318104908,13
/bot30,250318104908,13
/bot30,250318104908,13
/bot30,250318104908,13
/bot30,250318104908,13
/bot30,250318104908,13
/bot30,250318104908,13
/bot30,250318104908,13
/bot30,250318104908,13
/bot30,250318104908,13
/bot30,250318104909,13
/bot30,250318104909,13
/bot30,250318104909,13
/bot30,250318104909,13
/bot30,250318104909,13
/bot30,250318104909,13
/bot30,250318104909,13
/bot30,250318104909,13
/bot30,250318104909,13
/bot30,250318104909,13
/bot30,250318104910,13
/bot30,250318104910,13
/bot30,250318104910,13
/bot30,250318104910,13
/bot30,250318104910,13
/bot30,250318104910,13
/bot30,250318104910,13
/bot30,250318104910,13
/bot30,250318104910,13
/bot30,250318104910,13
/bot30,250318104911,13
/bot30,250318104911,13
/bot30,250318104911,13
/bot30,250318104911,13
/bot30,250318104911,13
/bot30,250318104911,13
/bot30,250318104911,13
/bot30,250318104911,13
/bot30,250318104911,13
/bot30,250318104911,13
/bot30,250318104912,13
/bot30,250318104912,13
/bot30,250318104912,13
/bot30,250318104912,13
/bot30,250318104912,13
/bot30,250318104912,13
/bot30,250318104912,13
/bot30,250318104912,13
/bot30,250318104912,13
/bot30,250318104912,13
/bot30,250318104913,13
/bot30,250318104913,13
/bot30,250318104913,13
/bot30,250318104913,13
/bot30,250318104913,13
/bot30,250318104913,13
/bot30,250318104913,13
/bot30,250318104913,13
/bot30,250318104913,13
/bot30,250318104913,13
/bot30,250318104914,13
/bot30,250318104914,13
/bot30,250318104914,13
/bot30,250318104914,13
/bot30,250318104914,13
/bot30,250318104914,13
/bot30,250318104914,13
/bot30,250318104914,13
/bot30,250318104914,13
/bot30,250318104914,13
/bot30,250318104915,13
/bot30,250318104915,13
/bot30,250318104915,13
/bot30,250318104915,13
/bot30,250318104915,13
/bot30,250318104915,13
/bot30,250318104915,13
/bot30,250318104915,13
/bot30,250318104915,13
/bot30,250318104915,13
/bot30,250318104916,13
/bot30,250318104916,13
/bot30,250318104916,13
/bot30,250318104916,13
/bot30,250318104916,13
/bot30,250318104916,13
/bot30,250318104916,13
/bot30,250318104916,13
/bot30,250318104916,13
/bot30,250318104916,13
/bot30,250318104917,13
/bot30,250318104917,13
/bot30,250318104917,13
/bot30,250318104917,13
/bot30,250318104917,13
/bot30,250318104917,13
/bot30,250318104917,13
/bot30,250318104917,13
/bot30,250318104917,13
/bot30,250318104917,13
/bot30,250318104918,13
/bot30,250318104918,13
/bot30,250318104918,13
/bot30,250318104918,13
/bot30,250318104918,13
/bot30,250318104918,13
/bot30,250318104918,13
/bot30,250318104918,13
/bot30,250318104918,13
/bot30,250318104918,13
/bot30,250318104919,13
/bot30,250318104919,13
/bot30,250318104919,13
/bot30,250318104919,13
/bot30,250318104919,13
/bot30,250318104919,13
/bot30,250318104919,13
/bot30,250318104919,13
/bot30,250318104919,13
/bot30,250318104919,13
/bot30,250318104920,13
/bot30,250318104920,13
/bot30,250318104920,13
/bot30,250318104920,13
/bot30,250318104920,13
/bot30,250318104920,13
/bot30,250318104920,13
/bot30,250318104920,13
/bot30,250318104920,13
/bot30,250318104920,13
/bot30,250318104921,13
/bot30,250318104921,13
/bot30,250318104921,13
/bot30,250318104921,13
/bot30,250318104921,13
/bot30,250318104921,13
/bot30,250318104921,13
/bot30,250318104921,13
/bot30,250318104921,13
/bot30,250318104921,13
/bot30,250318104922,13
/bot30,250318104922,13
/bot30,250318104922,13
/bot30,250318104922,13
/bot30,250318104922,13
/bot30,250318104922,13
/bot30,250318104922,13
/bot30,250318104922,13
/bot30,250318104922,13
/bot30,250318104922,13
/bot30,250318104923,13
/bot30,250318104923,13
/bot30,250318104923,13
